title;answer;type;year;attribution;occurrences;folder;plannedClues;processedAssets
Aladdin;Aladdin (film, 1986, réalisateur : Bruno Corbucci);film;1986;réalisateur : Bruno Corbucci;1;data/generated/indices-quiz-sondage-autocomplete-preview/oeuvres/film-aladdin-1986;3;0
Big Fish;Big Fish (film, 2003, réalisateur : Tim Burton);film;2003;réalisateur : Tim Burton;1;data/generated/indices-quiz-sondage-autocomplete-preview/oeuvres/film-big-fish-2003;3;0
Blade Runner;Blade Runner (film, 1982, réalisateur : Ridley Scott);film;1982;réalisateur : Ridley Scott;1;data/generated/indices-quiz-sondage-autocomplete-preview/oeuvres/film-blade-runner-1982;3;0
Django Unchained;Django Unchained (film, 2012, réalisateur : Quentin Tarantino);film;2012;réalisateur : Quentin Tarantino;1;data/generated/indices-quiz-sondage-autocomplete-preview/oeuvres/film-django-unchained-2012;3;0
Forrest Gump;Forrest Gump (film, 1994, réalisateur : Robert Zemeckis);film;1994;réalisateur : Robert Zemeckis;1;data/generated/indices-quiz-sondage-autocomplete-preview/oeuvres/film-forrest-gump-1994;3;0
Friends;Friends (film, 1994, réalisateur : David Crane, Marta Kauffman);film;1994;réalisateur : David Crane, Marta Kauffman;2;data/generated/indices-quiz-sondage-autocomplete-preview/oeuvres/film-friends-1994;3;0
Fury;Fury (film, 2014, réalisateur : David Ayer);film;2014;réalisateur : David Ayer;1;data/generated/indices-quiz-sondage-autocomplete-preview/oeuvres/film-fury-2014;3;0
Gladiator;Gladiator (film, 2000, réalisateur : Ridley Scott);film;2000;réalisateur : Ridley Scott;1;data/generated/indices-quiz-sondage-autocomplete-preview/oeuvres/film-gladiator-2000;3;0
Gossip Girl;Gossip Girl (film, 2007, réalisateur : Josh Schwartz, Stephanie Savage);film;2007;réalisateur : Josh Schwartz, Stephanie Savage;1;data/generated/indices-quiz-sondage-autocomplete-preview/oeuvres/film-gossip-girl-2007;3;0
Hamnet;Hamnet (film, 2025, réalisateur : Chloé Zhao);film;2025;réalisateur : Chloé Zhao;1;data/generated/indices-quiz-sondage-autocomplete-preview/oeuvres/film-hamnet-2025;3;0
Je suis une légende;Je suis une légende (film, 2007, réalisateur : Francis Lawrence);film;2007;réalisateur : Francis Lawrence;1;data/generated/indices-quiz-sondage-autocomplete-preview/oeuvres/film-je-suis-une-legende-2007;3;0
Là-haut;Là-haut (film, 2009, réalisateur : Pete Docter);film;2009;réalisateur : Pete Docter;1;data/generated/indices-quiz-sondage-autocomplete-preview/oeuvres/film-la-haut-2009;3;0
Princesse Mononoké;Princesse Mononoké (film, 1997, réalisateur : Hayao Miyazaki);film;1997;réalisateur : Hayao Miyazaki;1;data/generated/indices-quiz-sondage-autocomplete-preview/oeuvres/film-princesse-mononoke-1997;3;0
Shutter Island;Shutter Island (film, 2010, réalisateur : Martin Scorsese);film;2010;réalisateur : Martin Scorsese;1;data/generated/indices-quiz-sondage-autocomplete-preview/oeuvres/film-shutter-island-2010;3;0
Star Wars;Star Wars (film, 1977, réalisateur : George Lucas);film;1977;réalisateur : George Lucas;1;data/generated/indices-quiz-sondage-autocomplete-preview/oeuvres/film-star-wars-1977;3;0
Titanic;Titanic (film, 1997, réalisateur : James Cameron);film;1997;réalisateur : James Cameron;1;data/generated/indices-quiz-sondage-autocomplete-preview/oeuvres/film-titanic-1997;3;0
Animal Crossing;Animal Crossing (jeu vidéo, 2001, studio : Nintendo Entertainment Analysis and Development);jeu video;2001;studio : Nintendo Entertainment Analysis and Development;1;data/generated/indices-quiz-sondage-autocomplete-preview/oeuvres/jeu-video-animal-crossing-2001;3;0
Diablo II;Diablo II (jeu vidéo, 2000, studio : Blizzard North);jeu video;2000;studio : Blizzard North;1;data/generated/indices-quiz-sondage-autocomplete-preview/oeuvres/jeu-video-diablo-ii-2000;3;0
Elden Ring;Elden Ring (jeu vidéo, 2022, studio : FromSoftware);jeu video;2022;studio : FromSoftware;1;data/generated/indices-quiz-sondage-autocomplete-preview/oeuvres/jeu-video-elden-ring-2022;3;0
God of War Ragnarök;God of War Ragnarök (jeu vidéo, 2022, studio : Santa Monica Studio);jeu video;2022;studio : Santa Monica Studio;1;data/generated/indices-quiz-sondage-autocomplete-preview/oeuvres/jeu-video-god-of-war-ragnarok-2022;3;0
Gran Turismo 4;Gran Turismo 4 (jeu vidéo, 2004, studio : Polyphony Digital);jeu video;2004;studio : Polyphony Digital;1;data/generated/indices-quiz-sondage-autocomplete-preview/oeuvres/jeu-video-gran-turismo-4-2004;3;0
Grand Theft Auto V;Grand Theft Auto V (jeu vidéo, 2013, studio : Rockstar Leeds, Rockstar London, Rockstar New England);jeu video;2013;studio : Rockstar Leeds, Rockstar London, Rockstar New England;1;data/generated/indices-quiz-sondage-autocomplete-preview/oeuvres/jeu-video-grand-theft-auto-v-2013;3;0
Hollow Knight;Hollow Knight (jeu vidéo, 2017, studio : Team Cherry);jeu video;2017;studio : Team Cherry;1;data/generated/indices-quiz-sondage-autocomplete-preview/oeuvres/jeu-video-hollow-knight-2017;3;0
Outer Wilds;Outer Wilds (jeu vidéo, 2019, studio : Mobius Digital);jeu video;2019;studio : Mobius Digital;1;data/generated/indices-quiz-sondage-autocomplete-preview/oeuvres/jeu-video-outer-wilds-2019;3;0
Pokémon;Pokémon (jeu vidéo, 1996, studio : Game Freak);jeu video;1996;studio : Game Freak;1;data/generated/indices-quiz-sondage-autocomplete-preview/oeuvres/jeu-video-pokemon-1996;3;0
Red Dead Redemption 2;Red Dead Redemption 2 (jeu vidéo, 2018, studio : Rockstar Studios);jeu video;2018;studio : Rockstar Studios;2;data/generated/indices-quiz-sondage-autocomplete-preview/oeuvres/jeu-video-red-dead-redemption-2-2018;3;0
Stardew Valley;Stardew Valley (jeu vidéo, 2016, studio : ConcernedApe);jeu video;2016;studio : ConcernedApe;1;data/generated/indices-quiz-sondage-autocomplete-preview/oeuvres/jeu-video-stardew-valley-2016;3;0
World of Warcraft;World of Warcraft (jeu vidéo, 2004, studio : Blizzard Entertainment);jeu video;2004;studio : Blizzard Entertainment;1;data/generated/indices-quiz-sondage-autocomplete-preview/oeuvres/jeu-video-world-of-warcraft-2004;3;0
1984;1984 (livre, 1948, auteur : George Orwell);livre;1948;auteur : George Orwell;1;data/generated/indices-quiz-sondage-autocomplete-preview/oeuvres/livre-1984-1948;3;0
Deux ans de vacances;Deux ans de vacances (livre, 1888, auteur : Jules Verne);livre;1888;auteur : Jules Verne;1;data/generated/indices-quiz-sondage-autocomplete-preview/oeuvres/livre-deux-ans-de-vacances-1888;3;0
Et il me parla de cerisiers, de poussières et d'une montagne;Et il me parla de cerisiers, de poussières et d'une montagne (livre, 2016, auteur : Antoine Paje);livre;2016;auteur : Antoine Paje;1;data/generated/indices-quiz-sondage-autocomplete-preview/oeuvres/livre-et-il-me-parla-de-cerisiers-de-poussieres-et-d-une-montagne-2016;3;0
Fondation;Fondation (livre, 1942, auteur : Isaac Asimov);livre;1942;auteur : Isaac Asimov;1;data/generated/indices-quiz-sondage-autocomplete-preview/oeuvres/livre-fondation-1942;3;0
Guerre et Paix;Guerre et Paix (livre, 1863, auteur : Léon Tolstoï);livre;1863;auteur : Léon Tolstoï;1;data/generated/indices-quiz-sondage-autocomplete-preview/oeuvres/livre-guerre-et-paix-1863;3;0
Harry Potter;Harry Potter (livre, 1997, auteur : J. K. Rowling);livre;1997;auteur : J. K. Rowling;1;data/generated/indices-quiz-sondage-autocomplete-preview/oeuvres/livre-harry-potter-1997;3;0
La Horde du Contrevent;La Horde du Contrevent (livre, 2004, auteur : Alain Damasio);livre;2004;auteur : Alain Damasio;1;data/generated/indices-quiz-sondage-autocomplete-preview/oeuvres/livre-la-horde-du-contrevent-2004;3;0
Le Crime de l'Orient-Express;Le Crime de l'Orient-Express (livre, 1934, auteur : Agatha Christie);livre;1934;auteur : Agatha Christie;1;data/generated/indices-quiz-sondage-autocomplete-preview/oeuvres/livre-le-crime-de-l-orient-express-1934;3;0
Les Cahiers d'Esther;Les Cahiers d'Esther (livre, 2016, auteur : Riad Sattouf);livre;2016;auteur : Riad Sattouf;1;data/generated/indices-quiz-sondage-autocomplete-preview/oeuvres/livre-les-cahiers-d-esther-2016;3;0
Les Sept Sœurs;Les Sept Sœurs (livre, 2014, auteur : Lucinda Riley);livre;2014;auteur : Lucinda Riley;1;data/generated/indices-quiz-sondage-autocomplete-preview/oeuvres/livre-les-sept-s-urs-2014;3;0
Millénium;Millénium (livre, 1983, auteur : John Varley);livre;1983;auteur : John Varley;1;data/generated/indices-quiz-sondage-autocomplete-preview/oeuvres/livre-millenium-1983;3;0
Plus malin que le diable;Plus malin que le diable (livre, 1938, auteur : Napoleon Hill);livre;1938;auteur : Napoleon Hill;1;data/generated/indices-quiz-sondage-autocomplete-preview/oeuvres/livre-plus-malin-que-le-diable-1938;3;0
Concerto pour clarinette de Mozart;Concerto pour clarinette de Mozart (musique, 1791, artiste : Wolfgang Amadeus Mozart);musique;1791;artiste : Wolfgang Amadeus Mozart;1;data/generated/indices-quiz-sondage-autocomplete-preview/oeuvres/musique-concerto-pour-clarinette-de-mozart-1791;3;0
Delivery;Delivery (musique, 2007, artiste : Babyshambles);musique;2007;artiste : Babyshambles;1;data/generated/indices-quiz-sondage-autocomplete-preview/oeuvres/musique-delivery-2007;3;0
Demon Days;Demon Days (musique, 2005, artiste : Gorillaz);musique;2005;artiste : Gorillaz;1;data/generated/indices-quiz-sondage-autocomplete-preview/oeuvres/musique-demon-days-2005;3;0
I Can Do It with a Broken Heart;I Can Do It with a Broken Heart (musique, 2024, artiste : Taylor Swift);musique;2024;artiste : Taylor Swift;1;data/generated/indices-quiz-sondage-autocomplete-preview/oeuvres/musique-i-can-do-it-with-a-broken-heart-2024;3;0
Jungle;Jungle (musique, 2016, artiste : Tash Sultana);musique;2016;artiste : Tash Sultana;1;data/generated/indices-quiz-sondage-autocomplete-preview/oeuvres/musique-jungle-2016;3;0
Killing Me Softly with His Song;Killing Me Softly with His Song (musique, 1973, artiste : Roberta Flack);musique;1973;artiste : Roberta Flack;1;data/generated/indices-quiz-sondage-autocomplete-preview/oeuvres/musique-killing-me-softly-with-his-song-1973;3;0
Knights of Cydonia;Knights of Cydonia (musique, 2006, artiste : Muse);musique;2006;artiste : Muse;1;data/generated/indices-quiz-sondage-autocomplete-preview/oeuvres/musique-knights-of-cydonia-2006;3;0
Marillion;Marillion (musique, 1979, artiste : Marillion);musique;1979;artiste : Marillion;1;data/generated/indices-quiz-sondage-autocomplete-preview/oeuvres/musique-marillion-1979;3;0
Slipping Through My Fingers;Slipping Through My Fingers (musique, 1981, artiste : ABBA);musique;1981;artiste : ABBA;1;data/generated/indices-quiz-sondage-autocomplete-preview/oeuvres/musique-slipping-through-my-fingers-1981;3;0
Summertime;Summertime (musique, 1958, artiste : Ella Fitzgerald, Louis Armstrong);musique;1958;artiste : Ella Fitzgerald, Louis Armstrong;1;data/generated/indices-quiz-sondage-autocomplete-preview/oeuvres/musique-summertime-1958;3;0
The Nights;The Nights (musique, 2014, artiste : Avicii);musique;2014;artiste : Avicii;1;data/generated/indices-quiz-sondage-autocomplete-preview/oeuvres/musique-the-nights-2014;3;0
The Scientist;The Scientist (musique, 2002, artiste : Coldplay);musique;2002;artiste : Coldplay;1;data/generated/indices-quiz-sondage-autocomplete-preview/oeuvres/musique-the-scientist-2002;3;0
